id,firstName,lastName,email,phone,address,city,state,zipCode,source,status,notes,dealershipId,createdAt,updatedAt
85c46d80-dcf9-452a-ad9e-6fd47e5ab62d,Clinton,Valdez,brianbrown@example.com,+1-965-488-0641,8970 Barbara Hill Suite 864,New Christopherstad,FL,18118,Facebook,previous,Impact carry situation occur network heavy market. Mr certain others.,a3c3aa89-31a4-4df1-99c4-01602603fc8d,2025-01-07T07:09:24,2025-01-13T04:27:45
5a611add-ce41-4e07-9da5-6a751ce62393,Edward,Anderson,hollowayalejandra@example.net,(819)361-8090x34574,08220 Jason Ville Apt. 310,East Maxwellstad,OH,00612,Instagram,lead,During crime society industry answer time administration house. Student live product fight budget can push.,dab792c0-b96c-48bc-8b82-d22617c0de6f,2024-04-16T04:39:35,2024-05-13T03:30:01
e23a2e9e-a3cc-4a4c-b949-e1cb7d18bbc9,Charlene,Rowe,cnelson@example.com,001-567-744-6498,488 Carrie Roads,Port Patrick,SC,69985,Event,previous,Take prevent seat weight. Drug social research floor child to poor.,dab792c0-b96c-48bc-8b82-d22617c0de6f,2025-01-07T07:47:34,2025-01-19T23:58:13
6945005a-d2a4-4d11-aea7-50138d843841,Franklin,Weber,cyoung@example.org,(238)840-2580x6069,602 Johns Way Apt. 549,Juarezport,MI,76134,Website,lead,Walk free much future why other hold.,4c4db683-1c89-4580-97e0-318f34a73526,2023-09-23T10:42:16,2024-07-13T11:09:22
8b535655-5387-4a8b-b40c-48a66d20a2dc,Carol,Davis,collinsallen@example.org,219-805-8224,1892 Wilson Well Suite 228,Hinesland,RI,37598,Walk-in,previous,Senior health which PM thing first language open. Area natural stuff security brother ask.,dab792c0-b96c-48bc-8b82-d22617c0de6f,2024-07-25T22:41:07,2024-11-08T14:27:22
c36323a5-b36d-4a84-a8d2-6c503653752f,Christine,Richardson,rollinsjohn@example.com,+1-341-438-9410x7393,65815 Salazar Way Suite 715,North Scott,SC,61992,Referral,customer,Three top plant we new yeah note study. Yeah allow of size very.,dab792c0-b96c-48bc-8b82-d22617c0de6f,2023-12-23T02:50:40,2024-02-01T21:58:08
39e12cf9-942f-4793-a388-e58ef505e139,Joy,May,zrivera@example.net,376-984-4060,38425 Tyler Avenue Suite 099,Markchester,PW,78340,Google Ads,customer,Must method clearly relationship.,4c4db683-1c89-4580-97e0-318f34a73526,2025-03-16T14:59:36,2025-04-03T15:42:49
e8102a07-dd19-46ad-9420-c51f5498be00,Beth,French,farmerteresa@example.com,001-713-262-7193x2832,2953 Ortiz Mountain,Lake Gwendolyn,LA,86666,Walk-in,previous,Cut society set occur candidate rate on.,a3c3aa89-31a4-4df1-99c4-01602603fc8d,2024-12-31T05:44:50,2025-03-23T20:44:05
cc1e934b-5cec-4711-a8de-10f1235481c3,Heather,Miller,yesenia92@example.net,(464)595-8628,33508 Amanda Well,Eileenchester,TX,32784,Event,lead,Identify me each investment history.,f6a35366-60b5-4df5-9840-e7d080f27e27,2024-10-12T02:03:38,2024-12-10T19:49:56
c1c0d79f-d0b2-401a-a27a-c77a9f2eece5,Frances,Thomas,judy87@example.com,001-672-425-9233x15327,89870 Robert Cove Apt. 636,Ingramland,RI,53786,Instagram,previous,Firm this agreement person party us. Improve individual during director.,a3c3aa89-31a4-4df1-99c4-01602603fc8d,2023-06-06T22:09:55,2023-10-18T20:31:44
2600c096-86ed-4625-919a-e9be69fe9aad,Jonathon,Carey,xlawson@example.org,791-788-6348,836 Jason Roads Apt. 957,South Laura,VT,64673,Instagram,lead,Without ball fall under.,dab792c0-b96c-48bc-8b82-d22617c0de6f,2023-11-06T07:23:28,2024-02-23T00:09:48
5042b414-033e-4f99-a211-1f362eb7dd10,Michael,Phillips,twhite@example.org,(201)253-8757,8079 Maxwell River Suite 855,West Amy,CO,43239,Walk-in,previous,Ask above build mean instead. Particular bank mean anyone star.,a3c3aa89-31a4-4df1-99c4-01602603fc8d,2024-04-14T11:03:18,2025-04-12T05:10:11
5b1dffcd-443e-46d1-ac42-3d1e2a3ecb5b,Julian,Booth,wking@example.com,+1-460-280-9852x7645,610 Julia Underpass Suite 273,Port Cheryl,ND,37553,Event,lead,Follow quality material school able deal again. Recognize everyone else above safe concern discuss.,a34306db-1327-48f9-b7a4-3f8ed96bcefe,2024-12-23T14:51:15,2025-02-23T03:43:27
957c3d19-da4d-4b31-9601-b584aee9ed20,Sara,Rivera,wmcbride@example.org,974.605.2779,25873 Shannon Spur,East Justin,VA,63786,Referral,previous,Stand situation responsibility change thank receive. Commercial firm increase movement budget.,a3c3aa89-31a4-4df1-99c4-01602603fc8d,2024-11-09T17:29:14,2025-01-24T21:59:18
69908ec0-737d-43bc-9c2c-7d107ecec5c2,Tara,Adams,coleboone@example.net,785-667-1841x0353,1303 Barr Trail,South Craigton,MH,17768,Instagram,customer,Military production career Congress fall ever. Finally page fact American single unit general.,a34306db-1327-48f9-b7a4-3f8ed96bcefe,2023-05-30T09:53:43,2024-02-20T07:48:01
6c862aca-c1b5-4eac-a3e7-4a10d41f6952,Kenneth,White,jacksonjeffrey@example.com,289.746.4089x57231,5798 Patrick Mall,New Rebecca,VI,78094,Event,lead,Phone figure positive outside power stage available.,4c4db683-1c89-4580-97e0-318f34a73526,2023-06-09T23:10:34,2025-03-04T10:19:18
08da3c9b-bfec-4a35-b02d-48a083574c7d,Kevin,Simmons,jenniferthomas@example.com,(560)743-8963x56874,69113 Murray Crest Apt. 622,Robertberg,OK,36418,Walk-in,lead,Language issue head or care.,dab792c0-b96c-48bc-8b82-d22617c0de6f,2024-04-20T20:10:45,2024-05-26T21:54:21
cfb58696-4069-43e0-8e00-0d06f4ca60dd,Troy,Johnson,daniel10@example.org,(961)771-0883x799,788 April Fork,North Robert,NE,48078,Website,previous,Story treat society leader.,f6a35366-60b5-4df5-9840-e7d080f27e27,2024-01-30T14:29:19,2024-09-05T15:51:15
d9886d4b-83d0-4df7-80f5-279578dd5b9c,Donald,Moore,rvelasquez@example.com,001-338-994-4336,970 Michelle Track,Bernardchester,TN,13456,Event,customer,Concern technology animal writer choose box only thousand.,dab792c0-b96c-48bc-8b82-d22617c0de6f,2024-04-12T15:42:17,2025-04-03T16:27:51
31b9fbbf-0099-4889-b0fb-c83391b07878,Kenneth,George,jennifer42@example.com,001-370-269-5790x6705,821 Nelson Coves Apt. 978,East Tylerton,CT,75984,Walk-in,previous,Each traditional practice majority decide.,a34306db-1327-48f9-b7a4-3f8ed96bcefe,2024-06-25T23:22:35,2025-02-09T08:05:51
f4e224f4-f94c-406f-b7a5-140021e86a80,Jacqueline,Robertson,zmitchell@example.com,+1-485-463-1208,13095 Gerald Roads Suite 541,Port Shelly,ME,72770,Facebook,lead,Together born charge after like. Identify add government establish.,a3c3aa89-31a4-4df1-99c4-01602603fc8d,2024-12-04T18:34:20,2025-03-11T15:18:08
0507791a-f5fb-4b82-a551-499fc169a0b4,Gabriel,Novak,debbie49@example.com,(518)922-8668x7943,776 Gomez Burg,New Samantha,RI,33219,Facebook,lead,Mouth interesting rule shake several go election hundred.,a34306db-1327-48f9-b7a4-3f8ed96bcefe,2024-05-07T20:28:44,2025-01-26T01:08:50
6d256d30-5402-4172-b4e0-335328858ded,Audrey,Hansen,omorse@example.org,890.355.4805,7056 Brandy Island,Rosariofort,LA,78588,Google Ads,lead,Official American blue difficult.,f6a35366-60b5-4df5-9840-e7d080f27e27,2024-08-12T13:33:19,2025-03-27T16:43:40
d19ba6ac-b927-4e84-be1d-be11c79a29fc,Steven,Vaughn,zhicks@example.net,+1-945-563-5237,0341 Smith Mountains Apt. 778,Lake Leslie,TX,72628,Facebook,customer,Popular leave billion other.,f6a35366-60b5-4df5-9840-e7d080f27e27,2025-03-03T22:40:59,2025-03-29T07:06:29
6d8ad322-8472-420a-8857-91b85fad08df,Jason,Wade,andrewweber@example.net,+1-230-563-9394x5946,0144 Regina Walk Apt. 427,Olsenchester,AL,83544,Instagram,previous,Enter difference daughter campaign cover realize career.,a34306db-1327-48f9-b7a4-3f8ed96bcefe,2023-08-03T00:24:54,2024-12-14T02:12:20
1c7431f3-c4b8-4af7-af25-f94c946ce03c,Diane,Benton,brucesandra@example.net,443.567.2001,359 Aaron Track Suite 528,North Lori,CO,75176,Event,previous,Country yes second room dream. No race usually maintain media ability seat me.,f6a35366-60b5-4df5-9840-e7d080f27e27,2024-06-16T16:18:16,2024-06-18T23:48:51
a5448631-96ba-4eae-b6ce-02050b97b7bb,Manuel,Vaughn,angelamejia@example.org,835.570.2603x35666,343 Kathryn View,Johnsontown,HI,97195,Facebook,lead,Attack save evidence.,a34306db-1327-48f9-b7a4-3f8ed96bcefe,2023-11-26T16:48:30,2024-04-02T11:16:30
f9ffd9a2-2cfc-41cb-838f-a0c87245e41a,Robin,Douglas,rbaker@example.org,+1-312-697-9691x690,2676 Jacob Prairie,West Charlesport,NM,48144,Google Ads,previous,Reason himself little heart along. Huge source staff fear last work year environmental.,a34306db-1327-48f9-b7a4-3f8ed96bcefe,2023-09-27T16:17:09,2024-01-12T23:44:48
73052e7e-48d6-40cf-8c32-b7863a986665,Susan,Adams,adriana60@example.org,950.544.3441x8118,145 Fletcher Path Suite 603,New Bradleyshire,MH,63137,Instagram,previous,How other food answer possible. Red plant billion base door.,f6a35366-60b5-4df5-9840-e7d080f27e27,2024-01-25T02:35:17,2024-10-16T00:27:31
9e780912-6da1-4b6a-8b07-ff0756afa9d1,Laura,Johnson,reyesdonna@example.org,(910)462-5866,085 Kristen Rue,Downsland,DC,76222,Referral,previous,Conference effort sign through fall toward tough. Peace prove than likely late activity.,f6a35366-60b5-4df5-9840-e7d080f27e27,2024-05-17T18:22:10,2024-08-17T19:29:47
d8880798-94ed-424a-ab85-98f1ce9dda8d,Jonathan,Lee,ukent@example.com,(319)950-9550,38998 Ramirez Junction,West Jimmy,TX,21081,Walk-in,lead,Dream military billion increase newspaper low break.,4c4db683-1c89-4580-97e0-318f34a73526,2023-05-20T14:06:31,2024-05-19T12:46:49
d765d7e0-71cb-4b91-95e9-cea32630e793,Patricia,Ramsey,penastephen@example.com,449-258-7004x26754,2664 Anderson Pines,Lake Erinport,NY,16075,Google Ads,customer,Yet person successful base.,f6a35366-60b5-4df5-9840-e7d080f27e27,2023-07-29T17:06:33,2024-08-31T19:33:40
3be3bb58-36e7-4ecb-a2af-cab58c08b339,David,Lopez,jerry37@example.net,001-268-246-0586x251,42237 Thomas Cliffs,Lake James,TX,47708,Event,previous,Seat appear glass hit.,a34306db-1327-48f9-b7a4-3f8ed96bcefe,2024-03-30T17:34:09,2025-04-17T12:16:20
212c292a-36a3-45a4-80b9-c11b2eb235a8,Diane,Scott,lisachavez@example.net,365-403-3183x054,411 Hall Row Suite 431,Torresbury,AL,62208,Website,customer,Arrive rate enter letter.,4c4db683-1c89-4580-97e0-318f34a73526,2025-02-21T04:30:53,2025-03-21T16:25:20
14dfee31-5209-4789-9dc6-e6ef0d8c0bd5,Bonnie,Gordon,jimenezvanessa@example.org,(362)812-9935x9134,84556 Martinez Parkways Suite 618,New Melissafort,HI,14621,Facebook,previous,Tough manager black improve glass none possible. Appear tough big value main never.,4c4db683-1c89-4580-97e0-318f34a73526,2024-10-08T02:14:17,2025-03-24T05:13:47
6d7aceb5-0b12-4eba-b126-0bec0ea454fb,Victoria,Mueller,christophergraham@example.org,+1-682-840-6873x4256,269 John Ramp Apt. 759,Christianberg,VI,67490,Referral,lead,Sea former letter majority side garden.,a34306db-1327-48f9-b7a4-3f8ed96bcefe,2025-01-12T04:24:35,2025-01-30T02:14:16
4539890c-79f2-4152-abfe-17c91ee4fd66,Matthew,Jackson,qwright@example.net,(312)685-1294x55468,726 Catherine Junction Suite 549,West Carlos,NY,13388,Referral,lead,Care government son live no religious miss adult. Body because source time determine response.,a3c3aa89-31a4-4df1-99c4-01602603fc8d,2023-07-01T01:37:22,2024-01-18T17:59:23
5276c226-db19-4593-83e6-e2af4e0f960e,Matthew,Bates,pnunez@example.org,001-959-815-3243x211,681 Charles Manors,West Joshua,LA,54208,Facebook,lead,Write deep tax car. Three plant perform become purpose word.,dab792c0-b96c-48bc-8b82-d22617c0de6f,2023-06-11T10:07:24,2023-08-20T07:01:19
6720519a-ed68-488a-8836-ec71b448f83d,Karl,Anderson,brandon04@example.com,001-540-815-7949x6047,0473 Marcus Ways,Barbaramouth,AR,70630,Facebook,customer,Student five stay figure you.,a3c3aa89-31a4-4df1-99c4-01602603fc8d,2024-10-11T07:53:22,2025-02-06T14:12:14
3e20750b-bb97-48bd-a47e-e83781443532,Michael,Taylor,dennisjohn@example.org,(424)966-8692,050 Hayes Light,Moniquefurt,MA,44969,Website,customer,Ability per anyone already here serve.,dab792c0-b96c-48bc-8b82-d22617c0de6f,2024-12-10T15:15:05,2025-01-21T15:19:21
1ea996c9-5056-4113-b5b8-13511e238e52,Kyle,Ray,qmendoza@example.com,+1-442-590-8675x694,31796 Myers Ferry Apt. 296,Lawrenceberg,IN,75606,Referral,customer,Interesting line us response doctor argue without. Environment that always Mrs member film civil.,a34306db-1327-48f9-b7a4-3f8ed96bcefe,2023-12-07T08:13:20,2025-01-07T15:04:03
7d51e83c-6087-4eef-934d-92ef83f9d76c,Madison,Trevino,davidwilliams@example.org,(599)292-5435x382,38748 Norman Radial Suite 360,Port Jamiestad,LA,57197,Website,lead,Assume light cup. Successful perhaps position job boy ground actually.,a3c3aa89-31a4-4df1-99c4-01602603fc8d,2023-04-22T05:41:18,2024-08-01T23:17:58
78e8fd3f-07fb-4c93-897d-3d5e493a3e41,Bruce,Smith,timothybarr@example.net,686-567-2741x13308,671 Sanchez Manor Suite 360,Port Robert,WV,09220,Google Ads,lead,Easy away who since event network. Until develop beautiful tonight.,a34306db-1327-48f9-b7a4-3f8ed96bcefe,2023-06-17T08:55:12,2023-07-09T15:55:34
70b000b8-42b5-4b9b-a14d-35820a9d7325,Daniel,Martin,perezamy@example.org,(302)822-6454x20168,1656 John Well Suite 820,Georgehaven,RI,27690,Website,customer,Statement than out despite join. It ready pay but wind.,a3c3aa89-31a4-4df1-99c4-01602603fc8d,2024-01-14T09:17:07,2025-02-25T08:18:11
ed1400f8-8e48-4e3f-8c0f-4d609961927c,Bryan,Woodward,lherrera@example.com,001-343-705-1547x065,6367 Stanley Mission Apt. 006,Lake Kristi,CT,60837,Facebook,lead,Power after significant tell Mr. Next degree hard surface now.,a3c3aa89-31a4-4df1-99c4-01602603fc8d,2023-11-18T12:09:49,2025-01-26T19:35:33
8ae52435-2cce-4147-a58a-09afc6542e82,Matthew,Barnes,smithmatthew@example.net,+1-366-465-2110,459 Mcneil Vista,Berryshire,RI,57027,Walk-in,lead,Relate theory safe top like friend. American there administration leader parent space almost.,a34306db-1327-48f9-b7a4-3f8ed96bcefe,2025-01-05T13:15:34,2025-01-19T20:33:17
90a240b3-4a5e-423c-8475-b9142b615113,Deanna,Fleming,lopezrhonda@example.net,376-727-0586x07770,922 Warren Mount,Lake Kaylafurt,CO,70151,Google Ads,lead,Nothing air let yeah four wife back.,a3c3aa89-31a4-4df1-99c4-01602603fc8d,2025-01-28T03:22:38,2025-02-01T21:48:08
9022ada8-fb3a-4703-85d3-16bb810772fa,Sherry,Smith,wilsoncynthia@example.org,(996)841-8396x7767,0828 Thompson Ports,North Emily,OK,26145,Google Ads,customer,Mouth American represent employee change claim. Read enough matter prevent.,dab792c0-b96c-48bc-8b82-d22617c0de6f,2024-11-17T15:07:59,2025-01-18T07:35:47
bb6c7034-d1c7-4962-9ef3-334ccc8da14e,Paul,Reed,mark81@example.com,393.699.1205,789 Melissa Underpass,West Lorifurt,CA,85656,Instagram,previous,Eat appear eat.,a34306db-1327-48f9-b7a4-3f8ed96bcefe,2023-05-27T18:29:17,2024-08-07T06:11:10
30a53d66-f4df-45d4-b07e-c41e45dd089c,Phillip,Lowe,thomasanderson@example.org,385-476-5981,2157 Amy Lake,West Jessicabury,RI,53854,Referral,customer,Or model general offer call bad suffer.,dab792c0-b96c-48bc-8b82-d22617c0de6f,2024-03-06T15:33:00,2024-04-06T01:48:05
21eaf474-f1c0-479a-8339-b04a74525b29,Eric,Shepherd,sherri29@example.net,626-325-7835,7035 Robert Keys Apt. 161,Jesseborough,MI,93101,Instagram,previous,College of speak process. Employee remember writer add.,dab792c0-b96c-48bc-8b82-d22617c0de6f,2023-07-11T23:21:01,2025-02-05T13:27:12
973060b6-3c67-4633-9989-8a507d774769,Daniel,Navarro,christopher88@example.net,460-240-1996x44613,13840 Fisher Avenue,East Kristinafort,NM,00936,Facebook,lead,Race decide laugh actually drug whether.,f6a35366-60b5-4df5-9840-e7d080f27e27,2024-10-08T21:22:33,2025-03-17T12:36:01
87d3d3e1-f851-450b-892f-7f3835cdd80f,Christine,Long,rowen@example.org,4854386950,99592 Kimberly Vista Apt. 286,West Maria,NM,19649,Website,previous,Crime people support read likely.,a3c3aa89-31a4-4df1-99c4-01602603fc8d,2024-04-14T01:13:40,2024-07-22T17:25:45
5f17a292-c723-4291-8683-d3095e93600d,Nicole,Williams,valerie33@example.com,(716)680-6614x0284,9391 Curry Island Apt. 164,North Daniel,AS,33403,Referral,customer,Side agree job per dinner scene.,a34306db-1327-48f9-b7a4-3f8ed96bcefe,2023-06-30T21:49:53,2024-06-17T20:03:18
1fa3e96d-c5bb-4aa1-bd2b-9b71fd1c3570,Miguel,Willis,brianhunt@example.org,(902)449-4407x2248,5417 Rodriguez Crescent Suite 522,Port Stephenview,HI,68278,Website,lead,Same prepare station receive staff kind.,4c4db683-1c89-4580-97e0-318f34a73526,2023-08-23T16:21:43,2023-09-14T06:19:13
3081cc3c-97c9-4f6c-bc55-2d21e17d1dd1,John,Cantrell,melanie88@example.net,+1-997-877-7103x3214,5332 Warren Inlet Suite 712,Webbmouth,MO,40465,Website,previous,Right tax it today that.,f6a35366-60b5-4df5-9840-e7d080f27e27,2024-10-02T12:04:18,2024-12-13T04:43:52
0c8a7425-a10d-4587-9889-7f62ad7686fb,Christopher,Butler,shawnconley@example.com,984-558-3547x49271,27653 Rubio Plaza Suite 242,Martinezton,OR,15200,Walk-in,previous,Others pressure environmental view think point fall.,f6a35366-60b5-4df5-9840-e7d080f27e27,2024-04-09T03:53:43,2024-09-17T12:00:18
ac1364c3-9960-406c-b8b6-ab781815c066,Rita,Bailey,cwalls@example.net,(983)670-4555x8222,463 Brandon Junction Suite 933,Port Christophertown,ME,46920,Website,previous,Difference movie close drive low investment view. Believe long once official.,a3c3aa89-31a4-4df1-99c4-01602603fc8d,2025-03-03T17:42:09,2025-04-17T13:25:41
ccdf1c51-81ed-4ea0-85f2-a962a829b6bd,Patrick,Williams,walter54@example.net,833.426.6526,62643 Jeffrey Glen Apt. 993,Daltonport,WV,17385,Instagram,previous,Teach since yard religious.,a34306db-1327-48f9-b7a4-3f8ed96bcefe,2025-04-11T20:02:23,2025-04-12T09:19:07
6f7704cd-d0e3-45a9-aee8-c8c97afc685b,Samantha,Patterson,brianclay@example.org,9455263030,388 David Isle,North Marc,PW,25612,Event,lead,Yeah science certain pressure tell although. Often rather station rest bed a.,4c4db683-1c89-4580-97e0-318f34a73526,2023-12-08T19:33:46,2023-12-21T06:01:25
18980688-a0c9-4699-9bd0-38875850ec5a,Michelle,Ortiz,kathleen37@example.net,(329)791-6588x6547,96389 Brian Prairie,Mayerfort,VI,29093,Website,lead,Well risk stock toward floor great company.,f6a35366-60b5-4df5-9840-e7d080f27e27,2024-08-17T03:20:55,2025-01-03T02:02:06
be23f56e-fd97-4369-8497-c0a7e6448fad,Micheal,Johnson,iarmstrong@example.org,001-301-858-9711,1363 Peter Prairie Suite 871,South Deniseborough,SC,66458,Event,customer,Sea yourself dinner west.,a34306db-1327-48f9-b7a4-3f8ed96bcefe,2023-10-28T14:25:18,2024-07-18T18:40:09
4b3570ff-67bc-41f9-952a-00b2574da0f1,Scott,Ruiz,ezuniga@example.net,+1-464-662-5898x3635,807 Nichols Groves Suite 930,Henryborough,NY,48541,Event,customer,Away pick beautiful state treat week among. Office reduce month actually tonight.,4c4db683-1c89-4580-97e0-318f34a73526,2024-02-08T23:24:35,2024-05-30T01:01:30
c215e871-3105-4477-8eab-1f628e130def,Kayla,Moore,coreyburns@example.org,+1-546-277-0856,12868 Woods Garden Suite 048,South Kristina,MN,32489,Walk-in,lead,Season amount stop image. Various herself thus.,a34306db-1327-48f9-b7a4-3f8ed96bcefe,2024-02-02T13:04:11,2025-03-27T21:39:41
bf0838c7-eac8-4f59-8e13-5a0b38eb8de4,Tamara,Rose,hyoung@example.net,001-247-689-2902x62085,927 Shelley Ramp Suite 706,Austinhaven,WV,76734,Website,lead,Woman dinner realize each meet senior wear.,a3c3aa89-31a4-4df1-99c4-01602603fc8d,2024-03-21T09:37:49,2024-06-14T03:21:33
54eaef3a-a357-4c2e-8d52-bfc82c02aabd,Wanda,Klein,kfrazier@example.org,+1-783-393-8979x266,482 Jonathon Creek Apt. 389,Bishopshire,SC,15085,Walk-in,customer,Year fall life traditional any child. Company forget guy.,f6a35366-60b5-4df5-9840-e7d080f27e27,2025-03-20T05:52:23,2025-03-23T17:11:20
27fedfd2-e2bb-4c0c-85d2-026785051757,William,Warren,ravendavis@example.org,575-357-1477x639,1052 Patterson Parkway Apt. 665,Lisatown,ND,02920,Referral,customer,Listen money while.,4c4db683-1c89-4580-97e0-318f34a73526,2024-07-23T11:37:05,2025-02-07T09:21:14
72796d11-71b7-4d9a-bd5d-a1360fc1231a,Diana,Kirby,cohenandrew@example.net,252.645.9490x59439,19358 Allen Throughway,South Randytown,IN,71234,Referral,lead,Fact season woman dark.,dab792c0-b96c-48bc-8b82-d22617c0de6f,2023-06-23T05:49:58,2023-07-03T14:26:17
66475b6d-c857-46e0-ae52-6407c39c5372,Tanya,Miller,whitakercody@example.org,(587)392-9711x612,101 Oliver Port,Morrisland,KY,27395,Referral,lead,Push lot police minute focus similar free. Business however find hand model catch.,dab792c0-b96c-48bc-8b82-d22617c0de6f,2024-07-11T13:20:15,2024-08-26T14:53:45
5a54f13a-a384-4586-92de-91d6cae8d287,Meghan,Davenport,eric71@example.org,001-205-311-9404x701,72723 Ortiz Stravenue,West Latasha,MN,84595,Website,lead,Part door the indicate view sell.,f6a35366-60b5-4df5-9840-e7d080f27e27,2023-04-29T23:13:13,2025-04-08T22:49:10
e21bd427-af37-433e-bf99-1541a6a63a6e,Lauren,Wells,wardkara@example.org,736-203-1777x041,9250 Steven Bridge,Port Ann,OR,99306,Event,lead,Sport age draw west.,4c4db683-1c89-4580-97e0-318f34a73526,2024-06-18T04:23:33,2024-08-10T04:54:02
c4f9bb7f-1cf1-4dc8-80fe-2748f9f1c427,Aaron,May,christophercox@example.net,605.691.5145,1264 Mcclain Branch Suite 262,Cooperport,NE,13747,Facebook,customer,Society the clear music service.,f6a35366-60b5-4df5-9840-e7d080f27e27,2023-05-04T03:19:30,2024-01-20T19:23:51
9d022bda-5da3-4748-9186-6ff47c17a997,Patricia,Crane,timothy74@example.net,259.322.3805x94180,159 Miller Lodge,Jenniferstad,MH,02211,Google Ads,lead,Worker family carry act investment TV serious.,a34306db-1327-48f9-b7a4-3f8ed96bcefe,2024-11-09T11:37:06,2024-11-14T04:05:42
05c7ee67-bd32-4194-ba3b-6ac97f542b9a,Patrick,Nguyen,lawsonruth@example.com,(720)634-1552x15160,86239 Kristina Bypass Apt. 712,Annafort,VA,85236,Website,lead,Impact black study bed total.,4c4db683-1c89-4580-97e0-318f34a73526,2024-08-03T03:52:54,2024-12-04T11:16:50
88a9730c-7a2d-4e2d-bb7b-38d39ae84626,Samantha,Herrera,brenda54@example.com,001-613-454-9053x42325,783 Thompson Plains Apt. 692,New Robinberg,OK,71042,Referral,customer,Agreement way game several. South age mean compare recent hope.,4c4db683-1c89-4580-97e0-318f34a73526,2024-07-11T01:10:34,2025-02-02T16:09:09
eb00f5ad-afa9-4edb-8a7a-61ec1d3b5ca8,Jason,Lopez,vpreston@example.com,(476)468-1586x308,54458 White Cliffs,Robertfort,TN,56966,Referral,previous,Two nearly already certainly agency series. Key store green.,a34306db-1327-48f9-b7a4-3f8ed96bcefe,2023-12-20T08:37:52,2024-06-27T13:28:09
6a1dbf71-7e9a-4fcb-bf9c-4258006bacaf,Kelly,Shields,pcox@example.org,001-533-403-5066x933,3392 Long Prairie,New Nathan,MN,89983,Event,previous,Team than hope. Cold fast however stay.,a3c3aa89-31a4-4df1-99c4-01602603fc8d,2024-03-03T07:00:32,2024-04-12T14:54:46
42a9b4fa-5868-4220-89cd-cd8fc3134f9f,Christopher,Munoz,amber04@example.com,(918)280-7992x7285,8274 Kevin Mall,Amystad,SD,05925,Website,lead,Member as stuff mind.,a3c3aa89-31a4-4df1-99c4-01602603fc8d,2024-06-04T22:54:59,2024-07-27T12:43:35
3ec91b30-6113-4c01-9d2c-43c2e23c96dd,Mary,Stephenson,tinamartinez@example.com,(215)354-1714x80972,294 Carlson Crossroad,Nathanielton,ID,78502,Walk-in,customer,Bit one wife evidence protect yes.,f6a35366-60b5-4df5-9840-e7d080f27e27,2023-12-17T05:35:00,2024-07-24T14:36:22
9cbacef0-c390-40ee-aa82-2c0964612db0,Alexis,Sherman,rodriguezsteven@example.com,284-562-6148x393,673 Crosby Streets Suite 121,Popeburgh,MH,13891,Website,lead,Style religious picture me reason property. Grow alone stuff.,f6a35366-60b5-4df5-9840-e7d080f27e27,2023-07-10T18:28:27,2024-02-24T08:40:11
d6945e72-c989-4800-b696-99e7eada5640,James,Miller,anita55@example.net,(297)485-4121,28323 Danielle Key Apt. 194,Haasland,CT,61162,Instagram,customer,Soon town rate seven hard my. All father find responsibility late.,a3c3aa89-31a4-4df1-99c4-01602603fc8d,2025-03-19T05:20:38,2025-04-03T12:31:56
f848443f-133a-47d7-a2ce-3fa9b1c7157a,Christopher,Rodriguez,benjaminwallace@example.org,+1-762-262-2214x56363,1136 Karen Ramp Apt. 974,Danielland,IN,57855,Website,previous,Life ever she we red without entire. It across including.,4c4db683-1c89-4580-97e0-318f34a73526,2023-09-29T16:14:22,2023-11-13T16:56:51
efb8b02d-6670-47b4-afff-058bce6f1a04,Kathy,Tucker,donna85@example.net,545-539-5178,625 Jennifer Meadow,Robinsonbury,LA,90478,Google Ads,previous,Effect letter let. Fund firm task interesting.,a34306db-1327-48f9-b7a4-3f8ed96bcefe,2024-01-18T12:16:08,2025-01-07T07:48:45
f3c82b55-2f77-4152-8126-c137bb8b8dc4,John,Nelson,halllisa@example.org,850-710-3502x33460,02388 Miller Roads Apt. 644,Matthewville,MO,02088,Event,previous,Eat growth instead week leader.,a34306db-1327-48f9-b7a4-3f8ed96bcefe,2025-04-14T10:17:27,2025-04-17T19:08:29
6dfa011c-b1c2-4ac3-958e-69fe24d67a3a,Kenneth,Williams,mitchelldavid@example.net,+1-410-318-3069,1922 Bates Ports,New Johnmouth,CT,99195,Walk-in,lead,Bank push seek program himself agree force.,dab792c0-b96c-48bc-8b82-d22617c0de6f,2024-05-26T11:47:08,2025-02-05T04:42:02
60e76335-8814-4092-a491-84654c0d6e07,John,Torres,alexandra01@example.com,(854)932-2306x870,61074 Amber Orchard Suite 289,Cervanteshaven,CA,57615,Walk-in,previous,Lose reflect enjoy often.,a3c3aa89-31a4-4df1-99c4-01602603fc8d,2023-12-04T04:13:04,2025-04-06T00:19:19
b7a91d86-698b-488b-b97b-fe43ea1d8356,Vincent,Garcia,stephanie03@example.org,(426)845-0401x4043,5636 Hill Loaf Suite 260,Hillhaven,DC,67801,Website,lead,Public style live final least still check.,4c4db683-1c89-4580-97e0-318f34a73526,2025-03-21T04:22:43,2025-04-09T19:19:29
5389373c-b385-4cf1-8c70-2ce1b77e2fa8,Allison,Duke,holly64@example.com,981.825.6265,497 Ellis Mountain Apt. 945,Lake Lynnmouth,VT,92306,Event,customer,Difference change issue include service long me.,a3c3aa89-31a4-4df1-99c4-01602603fc8d,2024-04-11T11:41:49,2024-04-19T02:14:45
67bf2234-474a-401a-a468-960304a0056d,George,Pierce,robert09@example.net,(643)399-6361x14141,571 Moore Lodge Suite 913,Ruizbury,IL,54693,Event,previous,Decade part structure home newspaper various only. Market treat already be edge.,f6a35366-60b5-4df5-9840-e7d080f27e27,2024-12-19T20:42:51,2025-02-09T20:05:26
036b8301-bdaa-4965-bc28-0ba93c17d15e,Michael,Walker,spearsalicia@example.com,763-788-5796,2253 Duane Circle Apt. 393,Port Andrew,TN,71248,Referral,lead,Recent single claim total season final list.,a3c3aa89-31a4-4df1-99c4-01602603fc8d,2024-02-13T10:38:59,2024-07-30T16:10:07
01f25c94-aecf-4318-b814-31df695b6ee2,Deborah,Thomas,brownstephanie@example.org,001-943-847-6316x1522,149 Elizabeth Vista,East Steven,LA,46930,Facebook,previous,Employee smile board. Bar mouth father agreement popular reach.,4c4db683-1c89-4580-97e0-318f34a73526,2023-05-29T09:37:30,2023-12-12T19:54:57
7b402932-c72e-46f5-a11c-b4f90bbf9fb5,Patrick,Adkins,thomas75@example.net,+1-358-964-1163x7963,8404 Elizabeth Dale Suite 280,Christopherville,WY,25443,Referral,previous,Paper few season entire lawyer first anyone. Give scene special approach.,a3c3aa89-31a4-4df1-99c4-01602603fc8d,2024-01-10T14:35:14,2024-03-31T00:22:58
8e860316-17e3-42da-b368-ed705fe3023b,Anna,Phillips,santosrobert@example.net,+1-849-667-7753,82658 Cynthia Estates,North Jacob,DC,16344,Google Ads,lead,Adult respond from training central cut. General event feel speak game recent.,f6a35366-60b5-4df5-9840-e7d080f27e27,2024-04-11T22:38:16,2024-11-26T03:07:45
834a6573-78e0-4f84-8c6b-7ccf7d25f38f,Danielle,Rivera,mmartinez@example.net,+1-391-877-4274,08448 Harmon Turnpike Suite 583,Yvonnestad,UT,27120,Website,previous,Figure site rule source wall.,dab792c0-b96c-48bc-8b82-d22617c0de6f,2024-02-13T08:08:54,2024-05-27T00:10:55
2145d26a-d66f-4596-a46d-250f81cb6ddb,Robert,Pitts,eholt@example.net,6024485138,68238 Zachary Centers,Port Kevinchester,CO,11942,Instagram,customer,Move president probably agency door.,dab792c0-b96c-48bc-8b82-d22617c0de6f,2024-01-12T22:52:45,2025-03-09T14:51:34
dc1047b3-66cd-4fa0-9e7c-79671c163520,Catherine,Ferguson,ydickerson@example.net,(454)951-5614,854 Walker Neck Apt. 102,Lake Ashley,CO,21492,Google Ads,previous,Fund speak industry instead sometimes total. Everybody officer argue fast hot project.,a34306db-1327-48f9-b7a4-3f8ed96bcefe,2024-01-18T15:29:23,2024-10-31T13:53:12
fc81c57b-310e-4e5c-9259-a6bef855788e,Johnny,Horne,sanchezmatthew@example.net,+1-897-633-2850x8637,4712 Ruth Crossing Suite 900,Tarachester,NE,70194,Facebook,previous,Thought mouth church open strong another bed whatever.,f6a35366-60b5-4df5-9840-e7d080f27e27,2023-12-30T18:25:13,2024-05-18T03:18:00
cd317a2a-e438-43b6-adf1-0a253c646df9,Thomas,King,thomas42@example.org,(500)349-9799,8903 Luna Mountain Apt. 108,Arellanofurt,NV,30025,Website,customer,See understand value popular identify police would.,a3c3aa89-31a4-4df1-99c4-01602603fc8d,2023-06-19T10:45:41,2023-08-02T18:28:22
349217da-1194-4704-b7fd-6b536d42a470,Crystal,Suarez,mary05@example.com,671-430-7284x3361,309 Jones Shoal,Lake Scotttown,UT,51477,Event,lead,Yard statement hard class create say appear.,f6a35366-60b5-4df5-9840-e7d080f27e27,2024-11-22T18:59:58,2025-01-11T00:46:42
503f3533-5554-4891-8d4c-e02a02fada1b,Michael,Smith,clinton81@example.org,001-783-854-9283x98418,6876 Frank Hill Suite 555,North Kara,OK,89830,Facebook,lead,During trouble scientist seven get.,dab792c0-b96c-48bc-8b82-d22617c0de6f,2025-02-03T08:22:26,2025-04-16T12:44:56
